argS_Mtb_tRNA_Synthetase,MTPADLAELLKATAAAVLAERGLDASALPQMVTVERPRIPEHGDYASNLAMQLAKKVGTNPRELAGWLAEALTKVDGIASAEVAGPGFINMRLETAAQAKVVTSVIDAGHSYGHSLLLAGRKVNLEFVSANPTGPIHIGGTRWAAVGDALGRLLTTQGADVVREYYFNDHGAQIDRFANSLIAAAKGEPTPQDGYAGSYITNIAEQVLQKAPDALSLPDAELRETFRAIGVDLMFDHIKQSLHEFGTDFDVYTHEDSMHTGGRVENAIARLRETGNIYEKDGATWLRTSAFGDDKDRVVIKSDGKPAYIAGDLAYYLDKRQRGFDLCIYMLGADHHGYIARLKAAAAAFGDDPATVEVLIGQMVNLVRDGQPVRMSKRAGTVLTLDDLVEAIGVDAARYSLIRSSVDTAIDIDLALWSSASNENPVYYVQYAHARLSALARNAAELALIPDTNHLELLNHDKEGTLLRTLGEFPRVLETAASLREPHRVCRYLEDLAGDYHRFYDSCRVLPQGDEQPTDLHTARLALCQATRQVIANGLAIIGVTAPERM
alaS_Mtb_tRNA_Synthetase,MQTHEIRKRFLDHFVKAGHTEVPSASVILDDPNLLFVNAGMVQFVPFFLGQRTPPYPTATSIQKCIRTPDIDEVGITTRHNTFFQMAGNFSFGDYFKRGAIELAWALLTNSLAAGGYGLDPERIWTTVYFDDDEAVRLWQEVAGLPAERIQRRGMADNYWSMGIPGPCGPSSEIYYDRGPEFGPAGGPIVSEDRYLEVWNLVFMQNERGEGTTKEDYQILGPLPRKNIDTGMGVERIALVLQDVHNVYETDLLRPVIDTVARVAARAYDVGNHEDDVRYRIIADHSRTAAILIGDGVSPGNDGRGYVLRRLLRRVIRSAKLLGIDAAIVGDLMATVRNAMGPSYPELVADFERISRIAVAEETAFNRTLASGSRLFEEVASSTKKSGATVLSGSDAFTLHDTYGFPIELTLEMAAETGLQVDEIGFRELMAEQRRRAKADAAARKHAHADLSAYRELVDAGATEFTGFDELRSQARILGIFVDGKRVPVVAHGVAGGAGEGQRVELVLDRTPLYAESGGQIADEGTISGTGSSEAARAAVTDVQKIAKTLWVHRVNVESGEFVEGDTVIAAVDPGWRRGATQGHSGTHMVHAALRQVLGPNAVQAGSLNRPGYLRFDFNWQGPLTDDQRTQVEEVTNEAVQADFEVRTFTEQLDKAKAMGAIALFGESYPDEVRVVEMGGPFSLELCGGTHVSNTAQIGPVTILGESSIGSGVRRVEAYVGLDSFRHLAKERALMAGLASSLKVPSEEVPARVANLVERLRAAEKELERVRMASARAAATNAAAGAQRIGNVRLVAQRMSGGMTAADLRSLIGDIRGKLGSEPAVVALIAEGESQTVPYAVAANPAAQDLGIRANDLVKQLAVAVEGRGGGKADLAQGSGKNPTGIDAALDAVRSEIAVIARVG
aspS_Mtb_tRNA_Synthetase,MLRSHAAGLLREGDAGQQVTLAGWVARRRDHGGVIFIDLRDASGIAQVVFRDPQDTEVLAQAHRLRAEFCVSVAGVVEIRPEGNANPEIATGEIEVNATSLTVLGECAPLPFQLDEPAGEELRLKYRYLDLRRDDPAAAIRLRSRVNAAARAVLARHDFVEIETPTITRSTPEGARDFLVPARLHPGSFYALPQSPQLFKQLLMVAGMERYYQIARCYRDEDFRADRQPEFTQLDMEMSFVDAEDIIAISEEVLTELWALIGYRIPTPIPRIGYAEAMRRFGTDKPDLRFGLELVECTDFFSDTTFRVFQAPYVGAVVMPGGASQPRRTLDGWQDWAKQRGHRGLAYVLVAEDGTLGGPVAKNLTEAERTGLADHVGAKPGDCIFFSAGPVKSSRALLGAARVEIANRLGLIDPDAWAFVWVVDPPLFEPADEATAAGEVAVGSGAWTAVHHAFTAPKPEWEDRIESDTGSVLADAYDIVCNGHEIGGGSVRIHRRDIQERVFAVMGLDKAEAEEKFGFLLEAFMFGAPPHGGIAFGWDRTTALLAGMDSIREVIAFPKTGGGVDPLTDAPAPITAQQRKESGIDAQPKRVQQA
gatA_Mtb_tRNA_Synthetase,MTDIIRSDAATLAAKIAIKEVSSAEITRACLDQIEATDETYHAFLHVAADEALAAAAAIDKQVAAGEPLPSALAGVPLALKDVFTTSDMPTTCGSKILEGWRSPYDATLTARLRAAGIPILGKTNMDEFAMGSSTENSAYGPTRNPWNLDRVPGGSGGGSAAALAAFQAPLAIGSDTGGSIRQPAALTATVGVKPTYGTVSRYGLVACASSLDQGGPCARTVLDTALLHQVIAGHDPRDSTSVDAEVPDVVGAARAGAVGDLRGVRVGVVRQLHGGEGYQPGVLASFEAAVEQLTALGAEVSEVDCPHFDHALAAYYLILPSEVSSNLARFDAMRYGLRVGDDGTRSAEEVMAMTRAAGFGPEVKRRIMIGTYALSAGYYDAYYNQAQKVRTLIARDLDAAYRSVDVLVSPTTPTTAFRLGEKVDDPLAMYLFDLCTLPLNLAGHCGMSVPSGLSPDDGLPVGLQIMAPALADDRLYRVGAAYEAARGPLLSAI
gatB_Mtb_tRNA_Synthetase,MTVAAGAAKAAGAELLDYDEVVARFQPVLGLEVHVELSTATKMFCGCTTTFGGEPNTQVCPVCLGLPGSLPVLNRAAVESAIRIGLALNCEIVPWCRFARKNYFYPDMPKNYQISQYDEPIAINGYLDAPLEDGTTWRVEIERAHMEEDTGKLTHIGSETGRIHGATGSLIDYNRAGVPLIEIVTKPIVGAGARAPQIARSYVTALRDLLRALDVSDVRMDQGSMRCDANVSLKPAGTTEFGTRTETKNVNSLKSVEVAVRYEMQRQGAILASGGRITQETRHFHEAGYTSAGRTKETAEDYRYFPEPDLEPVAPSRELVERLRQTIPELPWLSRRRIQQEWGVSDEVMRDLVNAGAVELVAATVEHGASSEAARAWWGNFLAQKANEAGIGLDELAITPAQVAAVVALVDEGKLSNSLARQVVEGVLAGEGEPEQVMTARGLALVRDDSLTQAAVDEALAANPDVADKIRGGKVAAAGAIVGAVMKATRGQADAARVRELVLEACGQG
thrS_Mtb_tRNA_Synthetase,MSAPAQPAPGVDGGDPSQARIRVPAGTTAATAVGEAGLPRRGTPDAIVVVRDADGNLRDLSWVPDVDTDITPVAANTDDGRSVIRHSTAHVLAQAVQELFPQAKLGIGPPITDGFYYDFDVPEPFTPEDLAALEKRMRQIVKEGQLFDRRVYESTEQARAELANEPYKLELVDDKSGDAEIMEVGGDELTAYDNLNPRTRERVWGDLCRGPHIPTTKHIPAFKLTRSSAAYWRGDQKNASLQRIYGTAWESQEALDRHLEFIEEAQRRDHRKLGVELDLFSFPDEIGSGLAVFHPKGGIVRRELEDYSRRKHTEAGYQFVNSPHITKAQLFHTSGHLDWYADGMFPPMHIDAEYNADGSLRKPGQDYYLKPMNCPMHCLIFRARGRSYRELPLRLFEFGTVYRYEKSGVVHGLTRVRGLTMDDAHIFCTRDQMRDELRSLLRFVLDLLADYGLTDFYLELSTKDPEKFVGAEEVWEEATTVLAEVGAESGLELVPDPGGAAFYGPKISVQVKDALGRTWQMSTIQLDFNFPERFGLEYTAADGTRHRPVMIHRALFGSIERFFGILTEHYAGAFPAWLAPVQVVGIPVADEHVAYLEEVATQLKSHGVRAEVDASDDRMAKKIVHHTNHKVPFMVLAGDRDVAAGAVSFRFGDRTQINGVARDDAVAAIVAWIADRENAVPTAELVKVAGRE
ileS_Mtb_tRNA_Synthetase,MTDNAYPKLAGGAPDLPALELEVLDYWSRDDTFRASIARRDGAPEYVFYDGPPFANGLPHYGHLLTGYVKDIVPRYRTMRGYKVERRFGWDTHGLPAELEVERQLGITDKSQIEAMGIAAFNDACRASVLRYTDEWQAYVTRQARWVDFDNDYKTLDLAYMESVIWAFKQLWDKGLAYEGYRVLPYCWRDETPLSNHELRMDDDVYQSRQDPAVTVGFKVVGGQPDNGLDGAYLLVWTTTPWTLPSNLAVAVSPDITYVQVQAGDRRFVLAEARLAAYARELGEEPVVLGTYRGAELLGTRYLPPFAYFMDWPNAFQVLAGDFVTTDDGTGIVHMAPAYGEDDMVVAEAVGIAPVTPVDSKGRFDVTVADYQGQHVFDANAQIVRDLKTQSGPAAVNGPVLIRHETYEHPYPHCWRCRNPLIYRSVSSWFVRVTDFRDRMVELNQQITWYPEHVKDGQFGKWLQGARDWSISRNRYWGTPIPVWKSDDPAYPRIDVYGSLDELERDFGVRPANLHRPYIDELTRPNPDDPTGRSTMRRIPDVLDVWFDSGSMPYAQVHYPFENLDWFQGHYPGDFIVEYIGQTRGWFYTLHVLATALFDRPAFKTCVAHGIVLGFDGQKMSKSLRNYPDVTEVFDRDGSDAMRWFLMASPILRGGNLIVTEQGIRDGVRQVLLPLWNTYSFLALYAPKVGTWRVDSVHVLDRYILAKLAVLRDDLSESMEVYDIPGACEHLRQFTEALTNWYVRRSRSRFWAEDADAIDTLHTVLEVTTRLAAPLLPLITEIIWRGLTRERSVHLTDWPAPDLLPSDADLVAAMDQVRDVCSAASSLRKAKKLRVRLPLPKLIVAVENPQLLRPFVDLIGDELNVKQVELTDAIDTYGRFELTVNARVAGPRLGKDVQAAIKAVKAGDGVINPDGTLLAGPAVLTPDEYNSRLVAADPESTAALPDGAGLVVLDGTVTAELEAEGWAKDRIRELQELRKSTGLDVSDRIRVVMSVPAEREDWARTHRDLIAGEILATDFEFADLADGVAIGDGVRVSIEKT
valS_Mtb_tRNA_Synthetase,MTASPHPAADMLPKSWDPAAMESAIYQKWLDAGYFTADPTSTKPAYSIVLPPPNVTGSLHMGHALEHTMMDALTRRKRMQGYEVLWQPGTDHAGIATQSVVEQQLAVDGKTKEDLGRELFVDKVWDWKRESGGAIGGQMRRLGDGVDWSRDRFTMDEGLSRAVRTIFKRLYDAGLIYRAERLVNWSPVLQTAISDLEVNYRDVEGELVSFRYGSLDDSQPHIVVATTRVETMLGDTAIAVHPDDERYRHLVGTSLAHPFVDRELAIVADEHVDPEFGTGAVKVTPAHDPNDFEIGVRHQLPMPSILDTKGRIVDTGTRFDGMDRFEARVAVRQALAAQGRVVEEKRPYLHSVGHSERSGEPIEPRLSLQWWVRVESLAKAAGDAVRNGDTVIHPASMEPRWFSWVDDMHDWCISRQLWWGHRIPIWYGPDGEQVCVGPDETPPQGWEQDPDVLDTWFSSALWPFSTLGWPDKTAELEKFYPTSVLVTGYDILFFWVARMMMFGTFVGDDAAITLDGRRGPQVPFTDVFLHGLIRDESGRKMSKSKGNVIDPLDWVEMFGADALRFTLARGASPGGDLAVSEDAVRASRNFGTKLFNATRYALLNGAAPAPLPSPNELTDADRWILGRLEEVRAEVDSAFDGYEFSRACESLYHFAWDEFCDWYLELAKTQLAQGLTHTTAVLAAGLDTLLRLLHPVIPFLTEALWLALTGRESLVSADWPEPSGISVDLVAAQRINDMQKLVTEVRRFRSDQGLADRQKVPARMHGVRDSDLSNQVAAVTSLAWLTEPGPDFEPSVSLEVRLGPEMNRTVVVELDTSGTIDVAAERRRLEKELAGAQKELASTAAKLANADFLAKAPDAVIAKIRDRQRVAQQETERITTRLAALQ
leuS_Mtb_tRNA_Synthetase,MTESPTAGPGGVPRADDADSDVPRYRYTAELAARLERTWQENWARLGTFNVPNPVGSLAPPDGAAVPDDKLFVQDMFPYPSGEGLHVGHPLGYIATDVYARYFRMVGRNVLHALGFDAFGLPAEQYAVQTGTHPRTRTEANVVNFRRQLGRLGFGHDSRRSFSTTDVDFYRWTQWIFLQIYNAWFDTTANKARPISELVAEFESGARCLDGGRDWAKLTAGERADVIDEYRLVYRADSLVNWCPGLGTVLANEEVTADGRSDRGNFPVFRKRLRQWMMRITAYADRLLDDLDVLDWPEQVKTMQRNWIGRSTGAVALFSARAASDDGFEVDIEVFTTRPDTLFGATYLVLAPEHDLVDELVAASWPAGVNPLWTYGGGTPGEAIAAYRRAIAAKSDLERQESREKTGVFLGSYAINPANGEPVPIFIADYVLAGYGTGAIMAVPGHDQRDWDFARAFGLPIVEVIAGGNISESAYTGDGILVNSDYLNGMSVPAAKRAIVDRLESAGRGRARIEFKLRDWLFARQRYWGEPFPIVYDSDGRPHALDEAALPVELPDVPDYSPVLFDPDDADSEPSPPLAKATEWVHVDLDLGDGLKPYSRDTNVMPQWAGSSWYELRYTDPHNSERFCAKENEAYWMGPRPAEHGPDDPGGVDLYVGGAEHAVLHLLYSRFWHKVLYDLGHVSSREPYRRLVNQGYIQAYAYTDARGSYVPAEQVIERGDRFVYPGPDGEVEVFQEFGKIGKSLKNSVSPDEICDAYGADTLRVYEMSMGPLEASRPWATKDVVGAYRFLQRVWRLVVDEHTGETRVADGVELDIDTLRALHRTIVGVSEDFAALRNNTATAKLIEYTNHLTKKHRDAVPRAAVEPLVQMLAPLAPHIAEELWLRLGNTTSLAHGPFPKADAAYLVDETVEYPVQVNGKVRGRVVVAADTDEETLKAAVLTDEKVQAFLAGATPRKVIVVAGRLVNLVI
gltS_Mtb_tRNA_Synthetase,MTATETVRVRFCPSPTGTPHVGLVRTALFNWAYARHTGGTFVFRIEDTDAQRDSEESYLALLDALRWLGLDWDEGPEVGGPYGPYRQSQRAEIYRDVLARLLAAGEAYHAFSTPEEVEARHVAAGRNPKLGYDNFDRHLTDAQRAAYLAEGRQPVVRLRMPDDDLAWNDLVRGPVTFAAGSVPDFALTRASGDPLYTLVNPCDDALMKITHVLRGEDLLPSTPRQLALHQALIRIGVAERIPKFAHLPTVLGEGTKKLSKRDPQSNLFAHRDRGFIPEGLLNYLALLGWSIADDHDLFGLDEMVAAFDVADVNSSPARFDQKKADALNAEHIRMLDVGDFTVRLRDHLDTHGHHIALDEAAFAAAAELVQTRIVVLGDAWELLKFFNDDQYVIDPKAAAKELGPDGAAVLDAALAALTSVTDWTAPLIEAALKDALIEGLALKPRKAFSPIRVAATGTTVSPPLFESLELLGRDRSMQRLRAARQLVGHA
proS_Mtb_tRNA_Synthetase,MITRMSELFLRTLRDDPADAEVASHKLLIRAGYIRPVAPGLYSWLPLGLRVLRNIERVIRDEMNAIGGQEILFPALLPRAPYETTNRWTQYGDSVFRLKDRRGNDYLLGPTHEELFTLTVKGEYSSYKDFPLTLYQIQTKYRDEARPRAGILRAREFVMKDSYSFDIDAAGLKAAYHAHREAYQRIFDRLQVRYVIVSAVSGAMGGSASEEFLAESPSGEDAFVRCLESGYAANVEAVVTARPDTLPIDGLPEAVVHDTGDTPTIASLVAWANEADLGRTVTAADTLKNVLIKVRQPGGDTELLAIGVPGDREVDDKRLGAALEPADYALLDDDDFAKHPFLVKGYIGPKALRENNVRYLVDPRIVDGTSWITGADQPGRHVVGLVAGRDFTADGTIEAAEVREGDPSPDGAGPLVMARGIEIGHIFQLGSKYTDAFTADVLGEDGKPVRLTMGSYGIGVSRLVAVVAEQHHDELGLRWPSTVAPFDVHLVIANKDAQARAGATALAADLDRLGVEVLLDDRQASPGVKFKDAELLGMPWIVVVGRGWADGVVELRDRFSGQTRELVAGASLATDIAAAVTG
glyS_Mtb_tRNA_Synthetase,MHHPVAPVIDTVVNLAKRRGFVYPSGEIYGGTKSAWDYGPLGVELKENIKRQWWRSVVTGRDDVVGIDSSIILPREVWVASGHVDVFHDPLVESLITHKRYRADHLIEAYEAKHGHPPPNGLADIRDPETGEPGQWTQPREFNMMLKTYLGPIETEEGLHYLRPETAQGIFVNFANVVTTARKKPPFGIGQIGKSFRNEITPGNFIFRTREFEQMEMEFFVEPATAKEWHQYWIDNRLQWYIDLGIRRENLRLWEHPKDKLSHYSDRTVDIEYKFGFMGNPWGELEGVANRTDFDLSTHARHSGVDLSFYDQINDVRYTPYVIEPAAGLTRSFMAFLIDAYTEDEAPNTKGGMDKRTVLRLDPRLAPVKAAVLPLSRHADLSPKARDLGAELRKCWNIDFDDAGAIGRRYRRQDEVGTPFCVTVDFDSLQDNAVTVRERDAMTQDRVAMSSVADYLAVRLKGS
serS_Mtb_tRNA_Synthetase,MIDLKLLRENPDAVRRSQLSRGEDPALVDALLTADAARRAVISTADSLRAEQKAASKSVGGASPEERPPLLRRAKELAEQVKAAEADEVEAEAAFTAAHLAISNVIVDGVPAGGEDDYAVLDVVGEPSYLENPKDHLELGESLGLIDMQRGAKVSGSRFYFLTGRGALLQLGLLQLALKLAVDNGFVPTIPPVLVRPEVMVGTGFLGAHAEEVYRVEGDGLYLVGTSEVPLAGYHSGEILDLSRGPLRYAGWSSCFRREAGSHGKDTRGIIRVHQFDKVEGFVYCTPADAEHEHERLLGWQRQMLARIEVPYRVIDVAAGDLGSSAARKFDCEAWIPTQGAYRELTSTSNCTTFQARRLATRYRDASGKPQIAATLNGTLATTRWLVAILENHQRPDGSVRVPDALVPFVGVEVLEPVA
cysS1_Mtb_tRNA_Synthetase,MTDRARLRLHDTAAGVVRDFVPLRPGHVSIYLCGATVQGLPHIGHVRSGVAFDILRRWLLARGYDVAFIRNVTDIEDKILAKAAAAGRPWWEWAATHERAFTAAYDALDVLPPSAEPRATGHITQMIEMIERLIQAGHAYTGGGDVYFDVLSYPEYGQLSGHKIDDVHQGEGVAAGKRDQRDFTLWKGEKPGEPSWPTPWGRGRPGWHLECSAMARSYLGPEFDIHCGGMDLVFPHHENEIAQSRAAGDGFARYWLHNGWVTMGGEKMSKSLGNVLSMPAMLQRVRPAELRYYLGSAHYRSMLEFSETAMQDAVKAYVGLEDFLHRVRTRVGAVCPGDPTPRFAEALDDDLSVPIALAEIHHVRAEGNRALDAGDHDGALRSASAIRAMMGILGCDPLDQRWESRDETSAALAAVDVLVQAELQNREKAREQRNWALADEIRGRLKRAGIEVTDTADGPQWSLLGGDTK
metS_Mtb_tRNA_Synthetase,MKPYYVTTAIAYPNAAPHVGHAYEYIATDAIARFKRLDRYDVRFLTGTDEHGLKVAQAAAAAGVPTAALARRNSDVFQRMQEALNISFDRFIRTTDADHHEASKELWRRMSAAGDIYLDNYSGWYSVRDERFFVESETQLVDGTRLTVETGTPVTWTEEQTYFFRLSAYTDKLLAHYHANPDFIAPETRRNEVISFVSGGLDDLSISRTSFDWGVQVPEHPDHVMYVWVDALTNYLTGAGFPDTDSELFRRYWPADLHMIGKDIIRFHAVYWPAFLMSAGIELPRRIFAHGFLHNRGEKMSKSVGNIVDPVALAEALGVDQVRYFLLREVPFGQDGSYSDEAIVTRINTDLANELGNLAQRSLSMVAKNLDGRVPNPGEFADADAALLATADGLLERVRGHFDAQAMHLALEAIWLMLGDANKYFSVQQPWVLRKSESEADQARFRTTLYVTCEVVRIAALLIQPVMPESAGKILDLLGQAPNQRSFAAVGVRLTPGTALPPPTGVFPRYQPPQPPEGK
lysS_Mtb_tRNA_Synthetase,MSAADTAEDLPEQFRIRRDKRARLLAQGRDPYPVAVPRTHTLAEVRAAHPDLPIDTATEDIVGVAGRVIFARNSGKLCFATLQDGDGTQLQVMISLDKVGQAALDAWKADVDLGDIVYVHGAVISSRRGELSVLADCWRIAAKSLRPLPVAHKEMSEESRVRQRYVDLIVRPEARAVARLRIAVVRAIRTALQRRGFLEVETPVLQTLAGGAAARPFATHSNALDIDLYLRIAPELFLKRCIVGGFDKVFELNRVFRNEGADSTHSPEFSMLETYQTYGTYDDSAVVTRELIQEVADEAIGTRQLPLPDGSVYDIDGEWATIQMYPSLSVALGEEITPQTTVDRLRGIADSLGLEKDPAIHDNRGFGHGKLIEELWERTVGKSLSAPTFVKDFPVQTTPLTRQHRSIPGVTEKWDLYLRGIELATGYSELSDPVVQRERFADQARAAAAGDDEAMVLDEDFLAALEYGMPPCTGTGMGIDRLLMSLTGLSIRETVLFPIVRPHSN
hisS_Mtb_tRNA_Synthetase,MTEFSSFSAPKGVPDYVPPDSAQFVAVRDGLLAAARQAGYSHIELPIFEDTALFARGVGESTDVVSKEMYTFADRGDRSVTLRPEGTAGVVRAVIEHGLDRGALPVKLCYAGPFFRYERPQAGRYRQLQQVGVEAIGVDDPALDAEVIAIADAGFRSLGLDGFRLEITSLGDESCRPQYRELLQEFLFGLDLDEDTRRRAGINPLRVLDDKRPELRAMTASAPVLLDHLSDVAKQHFDTVLAHLDALGVPYVINPRMVRGLDYYTKTAFEFVHDGLGAQSGIGGGGRYDGLMHQLGGQDLSGIGFGLGVDRTVLALRAEGKTAGDSARCDVFGVPLGEAAKLRLAVLAGRLRAAGVRVDLAYGDRGLKGAMRAAARSGARVALVAGDRDIEAGTVAVKDLTTGEQVSVSMDSVVAEVISRLAG
trpS_Mtb_tRNA_Synthetase,MSTPTGSRRIFSGVQPTSDSLHLGNALGAVAQWVGLQDDHDAFFCVVDLHAITIPQDPEALRRRTLITAAQYLALGIDPGRATIFVQSQVPAHTQLAWVLGCFTGFGQASRMTQFKDKSARQGSEATTVGLFTYPVLQAADVLAYDTELVPVGEDQRQHLELARDVAQRFNSRFPGTLVVPDVLIPKMTAKIYDLQDPTSKMSKSAGTDAGLINLLDDPALSAKKIRSAVTDSERDIRYDPDVKPGVSNLLNIQSAVTGTDIDVLVDGYAGHGYGDLKKDTAEAVVEFVNPIQARVDELTADPAELEAVLAAGAQRAHDVASKTVQRVYDRLGFLL
pheS_Mtb_tRNA_Synthetase,MLSPEALTTAVDAAQQAIALADTLDVLARVKTEHLGDRSPLALARQALAVLPKEQRAEAGKRVNAARNAAQRSYDERLATLRAERDAAVLVAEGIDVTLPSTRVPAGARHPIIMLAEHVADTFIAMGWELAEGPEVETEQFNFDALNFPADHPARGEQDTFYIAPEDSRQLLRTHTSPVQIRTLLARELPVYIISIGRTFRTDELDATHTPIFHQVEGLAVDRGLSMAHLRGTLDAFARAEFGPSARTRIRPHFFPFTEPSAEVDVWFANKIGGAAWVEWGGCGMVHPNVLRATGIDPDLYSGFAFGMGLERTLQFRNGIPDMRDMVEGDVRFSLPFGVGA
pheT_Mtb_tRNA_Synthetase,MRLPYSWLREVVAVGASGWDVTPGELEQTLLRIGHEVEEVIPLGPVDGPVTVGRVADIEELTGYKKPIRACAVDIGDRQYREIICGATNFAVGDLVVVALPGATLPGGFTISARKAYGRNSDGMICSAAELNLGADHSGILVLPPGAAEPGADGAGVLGLDDVVFHLAITPDRGYCMSVRGLARELACAYDLDFVDPASNSRVPPLPIEGPAWPLTVQPETGVRRFALRPVIGIDPAAVSPWWLQRRLLLCGIRATCPAVDVTNYVMLELGHPMHAHDRNRISGTLGVRFARSGETAVTLDGIERKLDTADVLIVDDAATAAIGGVMGAASTEVRADSTDVLLEAAIWDPAAVSRTQRRLHLPSEAARRYERTVDPAISVAALDRCARLLADIAGGEVSPTLTDWRGDPPCDDWSPPPIRMGVDVPDRIAGVAYPQGTTARRLAQIGAVVTHDGDTLTVTPPSWRPDLRQPADLVEEVLRLEGLEVIPSVLPPAPAGRGLTAGQQRRRTIGRSLALSGYVEILPTPFLPAGVFDLWGLEADDSRRMTTRVLNPLEADRPQLATTLLPALLEALVRNVSRGLVDVALFAIAQVVQPTEQTRGVGLIPVDRRPTDDEIAMLDASLPRQPQHVAAVLAGLREPRGPWGPGRPVEAADAFEAVRIIARASRVDVTLRPAQYLPWHPGRCAQVFVGESSVGHAGQLHPAVIERSGLPKGTCAVELNLDAIPCSAPLPAPRVSPYPAVFQDVSLVVAADIPAQAVADAVRAGAGDLLEDIALFDVFTGPQIGEHRKSLTFALRFRAPDRTLTEDDASAARDAAVQSAAERVGAVLRG
tyrS_Mtb_tRNA_Synthetase,MSGMILDELSWRGLIAQSTDLDTLAAEAQRGPMTVYAGFDPTAPSLHAGHLVPLLTLRRFQRAGHRPIVLAGGATGMIGDPRDVGERSLNEADTVAEWTERIRGQLERFVDFDDSPMGAIVENNLEWTGSLSAIEFLRDIGKHFSVNVMLARDTIRRRLAGEGISYTEFSYLLLQANDYVELHRRHGCTLQIGGADQWGNIIAGVRLVRQKLGATVHALTVPLVTAADGTKFGKSTGGGSLWLDPQMTSPYAWYQYFVNTADADVIRYLRWFTFLSADELAELEQATAQRPQQRAAQRRLASELTVLVHGEAATAAVEHASRALFGRGELARLDEATLAAALRETTVAELKPGSPDGIVDLLVASGLSASKGAARRTIHEGGVSVNNIRVDNEEWVPQSSDFLHGRWLVLRRGKRSIAGVERIG
