gene_name_in_bosch_2021,uniprot_ac,protein_names,gene_names,ec_number,sequence
argS,P9WFW5,Arginine--tRNA ligase (EC 6.1.1.19) (Arginyl-tRNA synthetase) (ArgRS),argS Rv1292 MTCY373.12,6.1.1.19,MTPADLAELLKATAAAVLAERGLDASALPQMVTVERPRIPEHGDYASNLAMQLAKKVGTNPRELAGWLAEALTKVDGIASAEVAGPGFINMRLETAAQAKVVTSVIDAGHSYGHSLLLAGRKVNLEFVSANPTGPIHIGGTRWAAVGDALGRLLTTQGADVVREYYFNDHGAQIDRFANSLIAAAKGEPTPQDGYAGSYITNIAEQVLQKAPDALSLPDAELRETFRAIGVDLMFDHIKQSLHEFGTDFDVYTHEDSMHTGGRVENAIARLRETGNIYEKDGATWLRTSAFGDDKDRVVIKSDGKPAYIAGDLAYYLDKRQRGFDLCIYMLGADHHGYIARLKAAAAAFGDDPATVEVLIGQMVNLVRDGQPVRMSKRAGTVLTLDDLVEAIGVDAARYSLIRSSVDTAIDIDLALWSSASNENPVYYVQYAHARLSALARNAAELALIPDTNHLELLNHDKEGTLLRTLGEFPRVLETAASLREPHRVCRYLEDLAGDYHRFYDSCRVLPQGDEQPTDLHTARLALCQATRQVIANGLAIIGVTAPERM
alaS,P9WFW7,Alanine--tRNA ligase (EC 6.1.1.7) (Alanyl-tRNA synthetase) (AlaRS),alaS Rv2555c MTCY159.01 MTCYW318.01c,6.1.1.7,MQTHEIRKRFLDHFVKAGHTEVPSASVILDDPNLLFVNAGMVQFVPFFLGQRTPPYPTATSIQKCIRTPDIDEVGITTRHNTFFQMAGNFSFGDYFKRGAIELAWALLTNSLAAGGYGLDPERIWTTVYFDDDEAVRLWQEVAGLPAERIQRRGMADNYWSMGIPGPCGPSSEIYYDRGPEFGPAGGPIVSEDRYLEVWNLVFMQNERGEGTTKEDYQILGPLPRKNIDTGMGVERIALVLQDVHNVYETDLLRPVIDTVARVAARAYDVGNHEDDVRYRIIADHSRTAAILIGDGVSPGNDGRGYVLRRLLRRVIRSAKLLGIDAAIVGDLMATVRNAMGPSYPELVADFERISRIAVAEETAFNRTLASGSRLFEEVASSTKKSGATVLSGSDAFTLHDTYGFPIELTLEMAAETGLQVDEIGFRELMAEQRRRAKADAAARKHAHADLSAYRELVDAGATEFTGFDELRSQARILGIFVDGKRVPVVAHGVAGGAGEGQRVELVLDRTPLYAESGGQIADEGTISGTGSSEAARAAVTDVQKIAKTLWVHRVNVESGEFVEGDTVIAAVDPGWRRGATQGHSGTHMVHAALRQVLGPNAVQAGSLNRPGYLRFDFNWQGPLTDDQRTQVEEVTNEAVQADFEVRTFTEQLDKAKAMGAIALFGESYPDEVRVVEMGGPFSLELCGGTHVSNTAQIGPVTILGESSIGSGVRRVEAYVGLDSFRHLAKERALMAGLASSLKVPSEEVPARVANLVERLRAAEKELERVRMASARAAATNAAAGAQRIGNVRLVAQRMSGGMTAADLRSLIGDIRGKLGSEPAVVALIAEGESQTVPYAVAANPAAQDLGIRANDLVKQLAVAVEGRGGGKADLAQGSGKNPTGIDAALDAVRSEIAVIARVG
aspS,P9WFW3,Aspartate--tRNA(Asp/Asn) ligase (EC 6.1.1.23) (Aspartyl-tRNA synthetase) (AspRS) (Non-discriminating aspartyl-tRNA synthetase) (ND-AspRS),aspS Rv2572c MTCY227.29,6.1.1.23,MLRSHAAGLLREGDAGQQVTLAGWVARRRDHGGVIFIDLRDASGIAQVVFRDPQDTEVLAQAHRLRAEFCVSVAGVVEIRPEGNANPEIATGEIEVNATSLTVLGECAPLPFQLDEPAGEELRLKYRYLDLRRDDPAAAIRLRSRVNAAARAVLARHDFVEIETPTITRSTPEGARDFLVPARLHPGSFYALPQSPQLFKQLLMVAGMERYYQIARCYRDEDFRADRQPEFTQLDMEMSFVDAEDIIAISEEVLTELWALIGYRIPTPIPRIGYAEAMRRFGTDKPDLRFGLELVECTDFFSDTTFRVFQAPYVGAVVMPGGASQPRRTLDGWQDWAKQRGHRGLAYVLVAEDGTLGGPVAKNLTEAERTGLADHVGAKPGDCIFFSAGPVKSSRALLGAARVEIANRLGLIDPDAWAFVWVVDPPLFEPADEATAAGEVAVGSGAWTAVHHAFTAPKPEWEDRIESDTGSVLADAYDIVCNGHEIGGGSVRIHRRDIQERVFAVMGLDKAEAEEKFGFLLEAFMFGAPPHGGIAFGWDRTTALLAGMDSIREVIAFPKTGGGVDPLTDAPAPITAQQRKESGIDAQPKRVQQA
gatA,P9WQA1,Glutamyl-tRNA(Gln) amidotransferase subunit A (Glu-ADT subunit A) (EC 6.3.5.7),gatA Rv3011c MTV012.25c,6.3.5.7,MTDIIRSDAATLAAKIAIKEVSSAEITRACLDQIEATDETYHAFLHVAADEALAAAAAIDKQVAAGEPLPSALAGVPLALKDVFTTSDMPTTCGSKILEGWRSPYDATLTARLRAAGIPILGKTNMDEFAMGSSTENSAYGPTRNPWNLDRVPGGSGGGSAAALAAFQAPLAIGSDTGGSIRQPAALTATVGVKPTYGTVSRYGLVACASSLDQGGPCARTVLDTALLHQVIAGHDPRDSTSVDAEVPDVVGAARAGAVGDLRGVRVGVVRQLHGGEGYQPGVLASFEAAVEQLTALGAEVSEVDCPHFDHALAAYYLILPSEVSSNLARFDAMRYGLRVGDDGTRSAEEVMAMTRAAGFGPEVKRRIMIGTYALSAGYYDAYYNQAQKVRTLIARDLDAAYRSVDVLVSPTTPTTAFRLGEKVDDPLAMYLFDLCTLPLNLAGHCGMSVPSGLSPDDGLPVGLQIMAPALADDRLYRVGAAYEAARGPLLSAI
gatB,P9WN61,Aspartyl/glutamyl-tRNA(Asn/Gln) amidotransferase subunit B (Asp/Glu-ADT subunit B) (EC 6.3.5.-),gatB Rv3009c MTV012.23c,6.3.5.-,MTVAAGAAKAAGAELLDYDEVVARFQPVLGLEVHVELSTATKMFCGCTTTFGGEPNTQVCPVCLGLPGSLPVLNRAAVESAIRIGLALNCEIVPWCRFARKNYFYPDMPKNYQISQYDEPIAINGYLDAPLEDGTTWRVEIERAHMEEDTGKLTHIGSETGRIHGATGSLIDYNRAGVPLIEIVTKPIVGAGARAPQIARSYVTALRDLLRALDVSDVRMDQGSMRCDANVSLKPAGTTEFGTRTETKNVNSLKSVEVAVRYEMQRQGAILASGGRITQETRHFHEAGYTSAGRTKETAEDYRYFPEPDLEPVAPSRELVERLRQTIPELPWLSRRRIQQEWGVSDEVMRDLVNAGAVELVAATVEHGASSEAARAWWGNFLAQKANEAGIGLDELAITPAQVAAVVALVDEGKLSNSLARQVVEGVLAGEGEPEQVMTARGLALVRDDSLTQAAVDEALAANPDVADKIRGGKVAAAGAIVGAVMKATRGQADAARVRELVLEACGQG
thrS,P9WFT5,Threonine--tRNA ligase (EC 6.1.1.3) (Threonyl-tRNA synthetase) (ThrRS),thrS Rv2614c MTCY1A10.20,6.1.1.3,MSAPAQPAPGVDGGDPSQARIRVPAGTTAATAVGEAGLPRRGTPDAIVVVRDADGNLRDLSWVPDVDTDITPVAANTDDGRSVIRHSTAHVLAQAVQELFPQAKLGIGPPITDGFYYDFDVPEPFTPEDLAALEKRMRQIVKEGQLFDRRVYESTEQARAELANEPYKLELVDDKSGDAEIMEVGGDELTAYDNLNPRTRERVWGDLCRGPHIPTTKHIPAFKLTRSSAAYWRGDQKNASLQRIYGTAWESQEALDRHLEFIEEAQRRDHRKLGVELDLFSFPDEIGSGLAVFHPKGGIVRRELEDYSRRKHTEAGYQFVNSPHITKAQLFHTSGHLDWYADGMFPPMHIDAEYNADGSLRKPGQDYYLKPMNCPMHCLIFRARGRSYRELPLRLFEFGTVYRYEKSGVVHGLTRVRGLTMDDAHIFCTRDQMRDELRSLLRFVLDLLADYGLTDFYLELSTKDPEKFVGAEEVWEEATTVLAEVGAESGLELVPDPGGAAFYGPKISVQVKDALGRTWQMSTIQLDFNFPERFGLEYTAADGTRHRPVMIHRALFGSIERFFGILTEHYAGAFPAWLAPVQVVGIPVADEHVAYLEEVATQLKSHGVRAEVDASDDRMAKKIVHHTNHKVPFMVLAGDRDVAAGAVSFRFGDRTQINGVARDDAVAAIVAWIADRENAVPTAELVKVAGRE
ileS,P9WFV3,Isoleucine--tRNA ligase (EC 6.1.1.5) (Isoleucyl-tRNA synthetase) (IleRS),ileS Rv1536 MTCY48.29c,6.1.1.5,MTDNAYPKLAGGAPDLPALELEVLDYWSRDDTFRASIARRDGAPEYVFYDGPPFANGLPHYGHLLTGYVKDIVPRYRTMRGYKVERRFGWDTHGLPAELEVERQLGITDKSQIEAMGIAAFNDACRASVLRYTDEWQAYVTRQARWVDFDNDYKTLDLAYMESVIWAFKQLWDKGLAYEGYRVLPYCWRDETPLSNHELRMDDDVYQSRQDPAVTVGFKVVGGQPDNGLDGAYLLVWTTTPWTLPSNLAVAVSPDITYVQVQAGDRRFVLAEARLAAYARELGEEPVVLGTYRGAELLGTRYLPPFAYFMDWPNAFQVLAGDFVTTDDGTGIVHMAPAYGEDDMVVAEAVGIAPVTPVDSKGRFDVTVADYQGQHVFDANAQIVRDLKTQSGPAAVNGPVLIRHETYEHPYPHCWRCRNPLIYRSVSSWFVRVTDFRDRMVELNQQITWYPEHVKDGQFGKWLQGARDWSISRNRYWGTPIPVWKSDDPAYPRIDVYGSLDELERDFGVRPANLHRPYIDELTRPNPDDPTGRSTMRRIPDVLDVWFDSGSMPYAQVHYPFENLDWFQGHYPGDFIVEYIGQTRGWFYTLHVLATALFDRPAFKTCVAHGIVLGFDGQKMSKSLRNYPDVTEVFDRDGSDAMRWFLMASPILRGGNLIVTEQGIRDGVRQVLLPLWNTYSFLALYAPKVGTWRVDSVHVLDRYILAKLAVLRDDLSESMEVYDIPGACEHLRQFTEALTNWYVRRSRSRFWAEDADAIDTLHTVLEVTTRLAAPLLPLITEIIWRGLTRERSVHLTDWPAPDLLPSDADLVAAMDQVRDVCSAASSLRKAKKLRVRLPLPKLIVAVENPQLLRPFVDLIGDELNVKQVELTDAIDTYGRFELTVNARVAGPRLGKDVQAAIKAVKAGDGVINPDGTLLAGPAVLTPDEYNSRLVAADPESTAALPDGAGLVVLDGTVTAELEAEGWAKDRIRELQELRKSTGLDVSDRIRVVMSVPAEREDWARTHRDLIAGEILATDFEFADLADGVAIGDGVRVSIEKT
valS,P9WFS9,Valine--tRNA ligase (EC 6.1.1.9) (Valyl-tRNA synthetase) (ValRS),valS Rv2448c MTV008.04c,6.1.1.9,MTASPHPAADMLPKSWDPAAMESAIYQKWLDAGYFTADPTSTKPAYSIVLPPPNVTGSLHMGHALEHTMMDALTRRKRMQGYEVLWQPGTDHAGIATQSVVEQQLAVDGKTKEDLGRELFVDKVWDWKRESGGAIGGQMRRLGDGVDWSRDRFTMDEGLSRAVRTIFKRLYDAGLIYRAERLVNWSPVLQTAISDLEVNYRDVEGELVSFRYGSLDDSQPHIVVATTRVETMLGDTAIAVHPDDERYRHLVGTSLAHPFVDRELAIVADEHVDPEFGTGAVKVTPAHDPNDFEIGVRHQLPMPSILDTKGRIVDTGTRFDGMDRFEARVAVRQALAAQGRVVEEKRPYLHSVGHSERSGEPIEPRLSLQWWVRVESLAKAAGDAVRNGDTVIHPASMEPRWFSWVDDMHDWCISRQLWWGHRIPIWYGPDGEQVCVGPDETPPQGWEQDPDVLDTWFSSALWPFSTLGWPDKTAELEKFYPTSVLVTGYDILFFWVARMMMFGTFVGDDAAITLDGRRGPQVPFTDVFLHGLIRDESGRKMSKSKGNVIDPLDWVEMFGADALRFTLARGASPGGDLAVSEDAVRASRNFGTKLFNATRYALLNGAAPAPLPSPNELTDADRWILGRLEEVRAEVDSAFDGYEFSRACESLYHFAWDEFCDWYLELAKTQLAQGLTHTTAVLAAGLDTLLRLLHPVIPFLTEALWLALTGRESLVSADWPEPSGISVDLVAAQRINDMQKLVTEVRRFRSDQGLADRQKVPARMHGVRDSDLSNQVAAVTSLAWLTEPGPDFEPSVSLEVRLGPEMNRTVVVELDTSGTIDVAAERRRLEKELAGAQKELASTAAKLANADFLAKAPDAVIAKIRDRQRVAQQETERITTRLAALQ
leuS,P9WFV1,Leucine--tRNA ligase (EC 6.1.1.4) (Leucyl-tRNA synthetase) (LeuRS),leuS Rv0041 MTCY21D4.04,6.1.1.4,MTESPTAGPGGVPRADDADSDVPRYRYTAELAARLERTWQENWARLGTFNVPNPVGSLAPPDGAAVPDDKLFVQDMFPYPSGEGLHVGHPLGYIATDVYARYFRMVGRNVLHALGFDAFGLPAEQYAVQTGTHPRTRTEANVVNFRRQLGRLGFGHDSRRSFSTTDVDFYRWTQWIFLQIYNAWFDTTANKARPISELVAEFESGARCLDGGRDWAKLTAGERADVIDEYRLVYRADSLVNWCPGLGTVLANEEVTADGRSDRGNFPVFRKRLRQWMMRITAYADRLLDDLDVLDWPEQVKTMQRNWIGRSTGAVALFSARAASDDGFEVDIEVFTTRPDTLFGATYLVLAPEHDLVDELVAASWPAGVNPLWTYGGGTPGEAIAAYRRAIAAKSDLERQESREKTGVFLGSYAINPANGEPVPIFIADYVLAGYGTGAIMAVPGHDQRDWDFARAFGLPIVEVIAGGNISESAYTGDGILVNSDYLNGMSVPAAKRAIVDRLESAGRGRARIEFKLRDWLFARQRYWGEPFPIVYDSDGRPHALDEAALPVELPDVPDYSPVLFDPDDADSEPSPPLAKATEWVHVDLDLGDGLKPYSRDTNVMPQWAGSSWYELRYTDPHNSERFCAKENEAYWMGPRPAEHGPDDPGGVDLYVGGAEHAVLHLLYSRFWHKVLYDLGHVSSREPYRRLVNQGYIQAYAYTDARGSYVPAEQVIERGDRFVYPGPDGEVEVFQEFGKIGKSLKNSVSPDEICDAYGADTLRVYEMSMGPLEASRPWATKDVVGAYRFLQRVWRLVVDEHTGETRVADGVELDIDTLRALHRTIVGVSEDFAALRNNTATAKLIEYTNHLTKKHRDAVPRAAVEPLVQMLAPLAPHIAEELWLRLGNTTSLAHGPFPKADAAYLVDETVEYPVQVNGKVRGRVVVAADTDEETLKAAVLTDEKVQAFLAGATPRKVIVVAGRLVNLVI
gltS,P9WFV9,Glutamate--tRNA ligase (EC 6.1.1.17) (Glutamyl-tRNA synthetase) (GluRS),gltX gltS Rv2992c MTV012.06c,6.1.1.17,MTATETVRVRFCPSPTGTPHVGLVRTALFNWAYARHTGGTFVFRIEDTDAQRDSEESYLALLDALRWLGLDWDEGPEVGGPYGPYRQSQRAEIYRDVLARLLAAGEAYHAFSTPEEVEARHVAAGRNPKLGYDNFDRHLTDAQRAAYLAEGRQPVVRLRMPDDDLAWNDLVRGPVTFAAGSVPDFALTRASGDPLYTLVNPCDDALMKITHVLRGEDLLPSTPRQLALHQALIRIGVAERIPKFAHLPTVLGEGTKKLSKRDPQSNLFAHRDRGFIPEGLLNYLALLGWSIADDHDLFGLDEMVAAFDVADVNSSPARFDQKKADALNAEHIRMLDVGDFTVRLRDHLDTHGHHIALDEAAFAAAAELVQTRIVVLGDAWELLKFFNDDQYVIDPKAAAKELGPDGAAVLDAALAALTSVTDWTAPLIEAALKDALIEGLALKPRKAFSPIRVAATGTTVSPPLFESLELLGRDRSMQRLRAARQLVGHA
proS,P9WFT9,Proline--tRNA ligase (EC 6.1.1.15) (Prolyl-tRNA synthetase) (ProRS),proS Rv2845c MTCY24A1.12,6.1.1.15,MITRMSELFLRTLRDDPADAEVASHKLLIRAGYIRPVAPGLYSWLPLGLRVLRNIERVIRDEMNAIGGQEILFPALLPRAPYETTNRWTQYGDSVFRLKDRRGNDYLLGPTHEELFTLTVKGEYSSYKDFPLTLYQIQTKYRDEARPRAGILRAREFVMKDSYSFDIDAAGLKAAYHAHREAYQRIFDRLQVRYVIVSAVSGAMGGSASEEFLAESPSGEDAFVRCLESGYAANVEAVVTARPDTLPIDGLPEAVVHDTGDTPTIASLVAWANEADLGRTVTAADTLKNVLIKVRQPGGDTELLAIGVPGDREVDDKRLGAALEPADYALLDDDDFAKHPFLVKGYIGPKALRENNVRYLVDPRIVDGTSWITGADQPGRHVVGLVAGRDFTADGTIEAAEVREGDPSPDGAGPLVMARGIEIGHIFQLGSKYTDAFTADVLGEDGKPVRLTMGSYGIGVSRLVAVVAEQHHDELGLRWPSTVAPFDVHLVIANKDAQARAGATALAADLDRLGVEVLLDDRQASPGVKFKDAELLGMPWIVVVGRGWADGVVELRDRFSGQTRELVAGASLATDIAAAVTG
glyS,P9WFV7,Glycine--tRNA ligase (EC 6.1.1.14) (Glycyl-tRNA synthetase) (GlyRS),glyQS glyS Rv2357c MTCY27.23 MTCY98.26,6.1.1.14,MHHPVAPVIDTVVNLAKRRGFVYPSGEIYGGTKSAWDYGPLGVELKENIKRQWWRSVVTGRDDVVGIDSSIILPREVWVASGHVDVFHDPLVESLITHKRYRADHLIEAYEAKHGHPPPNGLADIRDPETGEPGQWTQPREFNMMLKTYLGPIETEEGLHYLRPETAQGIFVNFANVVTTARKKPPFGIGQIGKSFRNEITPGNFIFRTREFEQMEMEFFVEPATAKEWHQYWIDNRLQWYIDLGIRRENLRLWEHPKDKLSHYSDRTVDIEYKFGFMGNPWGELEGVANRTDFDLSTHARHSGVDLSFYDQINDVRYTPYVIEPAAGLTRSFMAFLIDAYTEDEAPNTKGGMDKRTVLRLDPRLAPVKAAVLPLSRHADLSPKARDLGAELRKCWNIDFDDAGAIGRRYRRQDEVGTPFCVTVDFDSLQDNAVTVRERDAMTQDRVAMSSVADYLAVRLKGS
serS,P9WFT7,Serine--tRNA ligase (EC 6.1.1.11) (Seryl-tRNA synthetase) (SerRS) (Seryl-tRNA(Ser/Sec) synthetase),serS Rv3834c MTCY01A6.35,6.1.1.11,MIDLKLLRENPDAVRRSQLSRGEDPALVDALLTADAARRAVISTADSLRAEQKAASKSVGGASPEERPPLLRRAKELAEQVKAAEADEVEAEAAFTAAHLAISNVIVDGVPAGGEDDYAVLDVVGEPSYLENPKDHLELGESLGLIDMQRGAKVSGSRFYFLTGRGALLQLGLLQLALKLAVDNGFVPTIPPVLVRPEVMVGTGFLGAHAEEVYRVEGDGLYLVGTSEVPLAGYHSGEILDLSRGPLRYAGWSSCFRREAGSHGKDTRGIIRVHQFDKVEGFVYCTPADAEHEHERLLGWQRQMLARIEVPYRVIDVAAGDLGSSAARKFDCEAWIPTQGAYRELTSTSNCTTFQARRLATRYRDASGKPQIAATLNGTLATTRWLVAILENHQRPDGSVRVPDALVPFVGVEVLEPVA
cysS1,P9WFW1,Cysteine--tRNA ligase (EC 6.1.1.16) (Cysteinyl-tRNA synthetase) (CysRS),cysS cysS1 Rv3580c MTCY06G11.27c,6.1.1.16,MTDRARLRLHDTAAGVVRDFVPLRPGHVSIYLCGATVQGLPHIGHVRSGVAFDILRRWLLARGYDVAFIRNVTDIEDKILAKAAAAGRPWWEWAATHERAFTAAYDALDVLPPSAEPRATGHITQMIEMIERLIQAGHAYTGGGDVYFDVLSYPEYGQLSGHKIDDVHQGEGVAAGKRDQRDFTLWKGEKPGEPSWPTPWGRGRPGWHLECSAMARSYLGPEFDIHCGGMDLVFPHHENEIAQSRAAGDGFARYWLHNGWVTMGGEKMSKSLGNVLSMPAMLQRVRPAELRYYLGSAHYRSMLEFSETAMQDAVKAYVGLEDFLHRVRTRVGAVCPGDPTPRFAEALDDDLSVPIALAEIHHVRAEGNRALDAGDHDGALRSASAIRAMMGILGCDPLDQRWESRDETSAALAAVDVLVQAELQNREKAREQRNWALADEIRGRLKRAGIEVTDTADGPQWSLLGGDTK
metS,P9WFU5,Methionine--tRNA ligase (EC 6.1.1.10) (Methionyl-tRNA synthetase) (MetRS),metG metS Rv1007c MTCI237.24,6.1.1.10,MKPYYVTTAIAYPNAAPHVGHAYEYIATDAIARFKRLDRYDVRFLTGTDEHGLKVAQAAAAAGVPTAALARRNSDVFQRMQEALNISFDRFIRTTDADHHEASKELWRRMSAAGDIYLDNYSGWYSVRDERFFVESETQLVDGTRLTVETGTPVTWTEEQTYFFRLSAYTDKLLAHYHANPDFIAPETRRNEVISFVSGGLDDLSISRTSFDWGVQVPEHPDHVMYVWVDALTNYLTGAGFPDTDSELFRRYWPADLHMIGKDIIRFHAVYWPAFLMSAGIELPRRIFAHGFLHNRGEKMSKSVGNIVDPVALAEALGVDQVRYFLLREVPFGQDGSYSDEAIVTRINTDLANELGNLAQRSLSMVAKNLDGRVPNPGEFADADAALLATADGLLERVRGHFDAQAMHLALEAIWLMLGDANKYFSVQQPWVLRKSESEADQARFRTTLYVTCEVVRIAALLIQPVMPESAGKILDLLGQAPNQRSFAAVGVRLTPGTALPPPTGVFPRYQPPQPPEGK
lysS,P9WFU9,Lysine--tRNA ligase 1 (EC 6.1.1.6) (Lysyl-tRNA synthetase 1) (LysRS 1),lysS1 lysS Rv3598c MTCY07H7B.24,6.1.1.6,MSAADTAEDLPEQFRIRRDKRARLLAQGRDPYPVAVPRTHTLAEVRAAHPDLPIDTATEDIVGVAGRVIFARNSGKLCFATLQDGDGTQLQVMISLDKVGQAALDAWKADVDLGDIVYVHGAVISSRRGELSVLADCWRIAAKSLRPLPVAHKEMSEESRVRQRYVDLIVRPEARAVARLRIAVVRAIRTALQRRGFLEVETPVLQTLAGGAAARPFATHSNALDIDLYLRIAPELFLKRCIVGGFDKVFELNRVFRNEGADSTHSPEFSMLETYQTYGTYDDSAVVTRELIQEVADEAIGTRQLPLPDGSVYDIDGEWATIQMYPSLSVALGEEITPQTTVDRLRGIADSLGLEKDPAIHDNRGFGHGKLIEELWERTVGKSLSAPTFVKDFPVQTTPLTRQHRSIPGVTEKWDLYLRGIELATGYSELSDPVVQRERFADQARAAAAGDDEAMVLDEDFLAALEYGMPPCTGTGMGIDRLLMSLTGLSIRETVLFPIVRPHSN
hisS,P9WFV5,Histidine--tRNA ligase (EC 6.1.1.21) (Histidyl-tRNA synthetase) (HisRS),hisS Rv2580c MTCY227.21,6.1.1.21,MTEFSSFSAPKGVPDYVPPDSAQFVAVRDGLLAAARQAGYSHIELPIFEDTALFARGVGESTDVVSKEMYTFADRGDRSVTLRPEGTAGVVRAVIEHGLDRGALPVKLCYAGPFFRYERPQAGRYRQLQQVGVEAIGVDDPALDAEVIAIADAGFRSLGLDGFRLEITSLGDESCRPQYRELLQEFLFGLDLDEDTRRRAGINPLRVLDDKRPELRAMTASAPVLLDHLSDVAKQHFDTVLAHLDALGVPYVINPRMVRGLDYYTKTAFEFVHDGLGAQSGIGGGGRYDGLMHQLGGQDLSGIGFGLGVDRTVLALRAEGKTAGDSARCDVFGVPLGEAAKLRLAVLAGRLRAAGVRVDLAYGDRGLKGAMRAAARSGARVALVAGDRDIEAGTVAVKDLTTGEQVSVSMDSVVAEVISRLAG
trpS,P9WFT3,Tryptophan--tRNA ligase (EC 6.1.1.2) (Tryptophanyl-tRNA synthetase) (TrpRS),trpS Rv3336c MTV016.36c,6.1.1.2,MSTPTGSRRIFSGVQPTSDSLHLGNALGAVAQWVGLQDDHDAFFCVVDLHAITIPQDPEALRRRTLITAAQYLALGIDPGRATIFVQSQVPAHTQLAWVLGCFTGFGQASRMTQFKDKSARQGSEATTVGLFTYPVLQAADVLAYDTELVPVGEDQRQHLELARDVAQRFNSRFPGTLVVPDVLIPKMTAKIYDLQDPTSKMSKSAGTDAGLINLLDDPALSAKKIRSAVTDSERDIRYDPDVKPGVSNLLNIQSAVTGTDIDVLVDGYAGHGYGDLKKDTAEAVVEFVNPIQARVDELTADPAELEAVLAAGAQRAHDVASKTVQRVYDRLGFLL
pheS,P9WFU3,Phenylalanine--tRNA ligase alpha subunit (EC 6.1.1.20) (Phenylalanyl-tRNA synthetase alpha subunit) (PheRS),pheS Rv1649 MTCY06H11.14,6.1.1.20,MLSPEALTTAVDAAQQAIALADTLDVLARVKTEHLGDRSPLALARQALAVLPKEQRAEAGKRVNAARNAAQRSYDERLATLRAERDAAVLVAEGIDVTLPSTRVPAGARHPIIMLAEHVADTFIAMGWELAEGPEVETEQFNFDALNFPADHPARGEQDTFYIAPEDSRQLLRTHTSPVQIRTLLARELPVYIISIGRTFRTDELDATHTPIFHQVEGLAVDRGLSMAHLRGTLDAFARAEFGPSARTRIRPHFFPFTEPSAEVDVWFANKIGGAAWVEWGGCGMVHPNVLRATGIDPDLYSGFAFGMGLERTLQFRNGIPDMRDMVEGDVRFSLPFGVGA
pheT,P9WFU1,Phenylalanine--tRNA ligase beta subunit (EC 6.1.1.20) (Phenylalanyl-tRNA synthetase beta subunit) (PheRS),pheT Rv1650 MTCY06H11.15,6.1.1.20,MRLPYSWLREVVAVGASGWDVTPGELEQTLLRIGHEVEEVIPLGPVDGPVTVGRVADIEELTGYKKPIRACAVDIGDRQYREIICGATNFAVGDLVVVALPGATLPGGFTISARKAYGRNSDGMICSAAELNLGADHSGILVLPPGAAEPGADGAGVLGLDDVVFHLAITPDRGYCMSVRGLARELACAYDLDFVDPASNSRVPPLPIEGPAWPLTVQPETGVRRFALRPVIGIDPAAVSPWWLQRRLLLCGIRATCPAVDVTNYVMLELGHPMHAHDRNRISGTLGVRFARSGETAVTLDGIERKLDTADVLIVDDAATAAIGGVMGAASTEVRADSTDVLLEAAIWDPAAVSRTQRRLHLPSEAARRYERTVDPAISVAALDRCARLLADIAGGEVSPTLTDWRGDPPCDDWSPPPIRMGVDVPDRIAGVAYPQGTTARRLAQIGAVVTHDGDTLTVTPPSWRPDLRQPADLVEEVLRLEGLEVIPSVLPPAPAGRGLTAGQQRRRTIGRSLALSGYVEILPTPFLPAGVFDLWGLEADDSRRMTTRVLNPLEADRPQLATTLLPALLEALVRNVSRGLVDVALFAIAQVVQPTEQTRGVGLIPVDRRPTDDEIAMLDASLPRQPQHVAAVLAGLREPRGPWGPGRPVEAADAFEAVRIIARASRVDVTLRPAQYLPWHPGRCAQVFVGESSVGHAGQLHPAVIERSGLPKGTCAVELNLDAIPCSAPLPAPRVSPYPAVFQDVSLVVAADIPAQAVADAVRAGAGDLLEDIALFDVFTGPQIGEHRKSLTFALRFRAPDRTLTEDDASAARDAAVQSAAERVGAVLRG
tyrS,P9WFT1,Tyrosine--tRNA ligase (EC 6.1.1.1) (Tyrosyl-tRNA synthetase) (TyrRS),tyrS Rv1689 MTCI125.11,6.1.1.1,MSGMILDELSWRGLIAQSTDLDTLAAEAQRGPMTVYAGFDPTAPSLHAGHLVPLLTLRRFQRAGHRPIVLAGGATGMIGDPRDVGERSLNEADTVAEWTERIRGQLERFVDFDDSPMGAIVENNLEWTGSLSAIEFLRDIGKHFSVNVMLARDTIRRRLAGEGISYTEFSYLLLQANDYVELHRRHGCTLQIGGADQWGNIIAGVRLVRQKLGATVHALTVPLVTAADGTKFGKSTGGGSLWLDPQMTSPYAWYQYFVNTADADVIRYLRWFTFLSADELAELEQATAQRPQQRAAQRRLASELTVLVHGEAATAAVEHASRALFGRGELARLDEATLAAALRETTVAELKPGSPDGIVDLLVASGLSASKGAARRTIHEGGVSVNNIRVDNEEWVPQSSDFLHGRWLVLRRGKRSIAGVERIG
