target,locus_id,vulnerability_index,essentiality_crispr
tRNA-Ala,RVBD6014,-9.532,NonEssential
tRNA-Ala15,tRNA-Ala15,-11.151,Essential
tRNA-Ala2,RVBD6001,-0.098,NonEssential
tRNA-Ala37,tRNA-Ala37,-10.245,NonEssential
tRNA-Arg,RVBD6030,-11.589,Essential
tRNA-Arg,RVBD6017,-9.769,NonEssential
tRNA-Arg,RVBD6013,-9.64,Essential
tRNA-Arg14,tRNA-Arg14,-9.726,Essential
tRNA-Arg18,tRNA-Arg18,-13.073,Essential
tRNA-Arg28,tRNA-Arg28,-10.487,Essential
tRNA-Arg43,tRNA-Arg43,-8.495,NonEssential
tRNA-Asn,RVBD6027,-17.303,NonEssential
tRNA-Asn25,tRNA-Asn25,-14.221,Essential
tRNA-Asp12,tRNA-Asp12,-13.848,Essential
tRNA-Cys,RVBD6035,-12.358,Essential
tRNA-Cys33,tRNA-Cys33,-16.171,Essential
tRNA-Gln,RVBD6038,-12.817,Essential
tRNA-Gln,RVBD6015,-11.963,NonEssential
tRNA-Gln36,tRNA-Gln36,-12.706,Essential
tRNA-Glu,RVBD6010,-15.54,Essential
tRNA-Glu,RVBD6037,-10.841,NonEssential
tRNA-Glu11,tRNA-Glu11,-16.681,Essential
tRNA-Glu35,tRNA-Glu35,-13.693,Essential
tRNA-Gly,RVBD6034,-13.523,NonEssential
tRNA-Gly,RVBD6003,-11.321,Essential
tRNA-Gly,RVBD6029,1.158,NonEssential
tRNA-Gly27,tRNA-Gly27,0.395,NonEssential
tRNA-Gly32,tRNA-Gly32,-15.486,Essential
tRNA-Gly4,tRNA-Gly4,-12.364,Essential
tRNA-His,RVBD6031,-13.423,NonEssential
tRNA-His29,tRNA-His29,-13.631,Essential
tRNA-Ile,RVBD6000,-13.41,Essential
tRNA-Ile1,tRNA-Ile1,-8.277,Essential
tRNA-Leu,RVBD6021,-13.753,NonEssential
tRNA-Leu,RVBD6022,-13.596,Essential
tRNA-Leu,RVBD6024,-13.078,Essential
tRNA-Leu,RVBD6002,-7.511,NonEssential
tRNA-Leu19,tRNA-Leu19,-9.896,Essential
tRNA-Leu20,tRNA-Leu20,-13.062,Essential
tRNA-Leu22,tRNA-Leu22,-8.442,Essential
tRNA-Leu3,tRNA-Leu3,-11.719,Essential
tRNA-Lys,RVBD6009,-13.044,NonEssential
tRNA-Lys10,tRNA-Lys10,-9.337,Essential
tRNA-Lys30,tRNA-Lys30,-0.669,NonEssential
tRNA-Met,RVBD6040,-12.568,NonEssential
tRNA-Met38,tRNA-Met38,-13.737,Essential
tRNA-Phe,RVBD6012,-11.896,Essential
tRNA-Phe13,tRNA-Phe13,-13.61,Essential
tRNA-Pro,RVBD6023,-13.423,NonEssential
tRNA-Pro,RVBD6042,-12.865,NonEssential
tRNA-Pro,RVBD6028,-11.919,NonEssential
tRNA-Pro21,tRNA-Pro21,-13.065,Essential
tRNA-Pro26,tRNA-Pro26,-12.603,Essential
tRNA-Pro40,tRNA-Pro40,-11.893,Essential
tRNA-Ser,RVBD6046,-12.78,NonEssential
tRNA-Ser,RVBD6044,-11.344,NonEssential
tRNA-Ser,RVBD6043,-9.34,Essential
tRNA-Ser,RVBD6047,-8.779,NonEssential
tRNA-Ser41,tRNA-Ser41,-13.34,Essential
tRNA-Ser42,tRNA-Ser42,-6.722,NonEssential
tRNA-Ser44,tRNA-Ser44,-14.594,Essential
tRNA-Ser45,tRNA-Ser45,-13.408,Essential
tRNA-Thr,RVBD6008,-13.0,Essential
tRNA-Thr,RVBD6005,-8.966,Essential
tRNA-Thr,RVBD6041,-8.314,Essential
tRNA-Thr39,tRNA-Thr39,-5.326,Essential
tRNA-Thr6,tRNA-Thr6,-12.276,Essential
tRNA-Thr9,tRNA-Thr9,-12.356,Essential
tRNA-Trp,RVBD6007,-16.412,Essential
tRNA-Trp8,tRNA-Trp8,-10.959,Essential
tRNA-Tyr,RVBD6004,-10.207,NonEssential
tRNA-Tyr5,tRNA-Tyr5,-14.923,Essential
tRNA-Val,RVBD6033,-10.271,NonEssential
tRNA-Val,RVBD6025,-9.819,NonEssential
tRNA-Val,RVBD6036,-9.735,Essential
tRNA-Val23,tRNA-Val23,-11.788,Essential
tRNA-Val31,tRNA-Val31,-9.896,Essential
tRNA-Val34,tRNA-Val34,-11.232,Essential
